{
  "Sports-0" : {
    "transaction" : "Sports-0",
    "sampleCount" : 100,
    "errorCount" : 0,
    "errorPct" : 0.0,
    "meanResTime" : 229.2299999999999,
    "medianResTime" : 108.0,
    "minResTime" : 59.0,
    "maxResTime" : 1162.0,
    "pct1ResTime" : 584.8000000000001,
    "pct2ResTime" : 760.1499999999996,
    "pct3ResTime" : 1159.5399999999988,
    "throughput" : 0.7993093966812673,
    "receivedKBytesPerSec" : 0.5011295240911852,
    "sentKBytesPerSec" : 0.09835252341976532
  },
  "Sports-1" : {
    "transaction" : "Sports-1",
    "sampleCount" : 100,
    "errorCount" : 0,
    "errorPct" : 0.0,
    "meanResTime" : 18962.039999999994,
    "medianResTime" : 19170.5,
    "minResTime" : 1418.0,
    "maxResTime" : 65565.0,
    "pct1ResTime" : 29908.200000000008,
    "pct2ResTime" : 33030.0,
    "pct3ResTime" : 65273.389999999854,
    "throughput" : 0.790382624228389,
    "receivedKBytesPerSec" : 392.50601030411946,
    "sentKBytesPerSec" : 0.09725411196560255
  },
  "HomePage" : {
    "transaction" : "HomePage",
    "sampleCount" : 100,
    "errorCount" : 0,
    "errorPct" : 0.0,
    "meanResTime" : 25376.290000000005,
    "medianResTime" : 22892.5,
    "minResTime" : 1385.0,
    "maxResTime" : 62009.0,
    "pct1ResTime" : 51825.3,
    "pct2ResTime" : 55540.649999999994,
    "pct3ResTime" : 62004.729999999996,
    "throughput" : 0.7059853437442638,
    "receivedKBytesPerSec" : 437.84984883088833,
    "sentKBytesPerSec" : 0.16270755969106082
  },
  "HomePage-0" : {
    "transaction" : "HomePage-0",
    "sampleCount" : 100,
    "errorCount" : 0,
    "errorPct" : 0.0,
    "meanResTime" : 343.87999999999994,
    "medianResTime" : 129.5,
    "minResTime" : 71.0,
    "maxResTime" : 2772.0,
    "pct1ResTime" : 718.0,
    "pct2ResTime" : 1195.75,
    "pct3ResTime" : 2768.229999999998,
    "throughput" : 0.9058627436770781,
    "receivedKBytesPerSec" : 0.5608564252844409,
    "sentKBytesPerSec" : 0.1043865271034133
  },
  "HomePage-1" : {
    "transaction" : "HomePage-1",
    "sampleCount" : 100,
    "errorCount" : 0,
    "errorPct" : 0.0,
    "meanResTime" : 25029.710000000003,
    "medianResTime" : 21143.5,
    "minResTime" : 1261.0,
    "maxResTime" : 61695.0,
    "pct1ResTime" : 51658.50000000001,
    "pct2ResTime" : 55416.74999999999,
    "pct3ResTime" : 61692.65,
    "throughput" : 0.7096124097018208,
    "receivedKBytesPerSec" : 439.65999364896896,
    "sentKBytesPerSec" : 0.08177174252423326
  },
  "Total" : {
    "transaction" : "Total",
    "sampleCount" : 900,
    "errorCount" : 0,
    "errorPct" : 0.0,
    "meanResTime" : 14432.096666666679,
    "medianResTime" : 11920.0,
    "minResTime" : 59.0,
    "maxResTime" : 65901.0,
    "pct1ResTime" : 36530.4,
    "pct2ResTime" : 46647.74999999999,
    "pct3ResTime" : 58200.97000000001,
    "throughput" : 6.08190295985944,
    "receivedKBytesPerSec" : 2164.408883379511,
    "sentKBytesPerSec" : 1.0294887822678742
  },
  "Catagories" : {
    "transaction" : "Catagories",
    "sampleCount" : 100,
    "errorCount" : 0,
    "errorPct" : 0.0,
    "meanResTime" : 20378.219999999998,
    "medianResTime" : 20699.0,
    "minResTime" : 4469.0,
    "maxResTime" : 36380.0,
    "pct1ResTime" : 27964.7,
    "pct2ResTime" : 30063.149999999998,
    "pct3ResTime" : 36371.13999999999,
    "throughput" : 0.697209072084446,
    "receivedKBytesPerSec" : 337.46303294007834,
    "sentKBytesPerSec" : 0.1988135244615803
  },
  "Catagories-1" : {
    "transaction" : "Catagories-1",
    "sampleCount" : 100,
    "errorCount" : 0,
    "errorPct" : 0.0,
    "meanResTime" : 19829.23,
    "medianResTime" : 20058.0,
    "minResTime" : 4382.0,
    "maxResTime" : 36113.0,
    "pct1ResTime" : 27808.100000000002,
    "pct2ResTime" : 29920.599999999984,
    "pct3ResTime" : 36105.78999999999,
    "throughput" : 0.6977539300990113,
    "receivedKBytesPerSec" : 337.2756680230712,
    "sentKBytesPerSec" : 0.09948444706489809
  },
  "Catagories-0" : {
    "transaction" : "Catagories-0",
    "sampleCount" : 100,
    "errorCount" : 0,
    "errorPct" : 0.0,
    "meanResTime" : 548.5399999999998,
    "medianResTime" : 192.5,
    "minResTime" : 65.0,
    "maxResTime" : 3943.0,
    "pct1ResTime" : 1562.3000000000004,
    "pct2ResTime" : 2765.349999999996,
    "pct3ResTime" : 3936.899999999997,
    "throughput" : 0.7204559044963653,
    "receivedKBytesPerSec" : 0.46576348513339244,
    "sentKBytesPerSec" : 0.10272125200827084
  },
  "Sports" : {
    "transaction" : "Sports",
    "sampleCount" : 100,
    "errorCount" : 0,
    "errorPct" : 0.0,
    "meanResTime" : 19191.729999999996,
    "medianResTime" : 19745.0,
    "minResTime" : 1481.0,
    "maxResTime" : 65901.0,
    "pct1ResTime" : 30007.800000000007,
    "pct2ResTime" : 33256.7,
    "pct3ResTime" : 65607.30999999985,
    "throughput" : 0.789933092667051,
    "receivedKBytesPerSec" : 392.77802281474885,
    "sentKBytesPerSec" : 0.1943975970235321
  }
}